{
  "mode": "finetune",
  "trained_at": "2026-06-12T11:41:10.836627",
  "epochs_run": 37,
  "final_val_loss": 0.6430837512016296,
  "evaluation": {
    "best_threshold": 0.8400000000000005,
    "best_precision_pct": 88.28,
    "best_recall_pct": 7.25,
    "baseline_pct": 47.77,
    "calibrated": {
      "buy_a": 84.0,
      "buy_b": 76.0,
      "hold_max": 69.0,
      "sell_b": 62.0
    },
    "threshold_table": {
      "0.3": {
        "n": 30866,
        "precision": 0.531,
        "recall": 0.871
      },
      "0.32": {
        "n": 29726,
        "precision": 0.535,
        "recall": 0.845
      },
      "0.34": {
        "n": 28456,
        "precision": 0.54,
        "recall": 0.816
      },
      "0.36": {
        "n": 27025,
        "precision": 0.546,
        "recall": 0.785
      },
      "0.38": {
        "n": 25318,
        "precision": 0.554,
        "recall": 0.745
      },
      "0.4": {
        "n": 23677,
        "precision": 0.561,
        "recall": 0.706
      },
      "0.42": {
        "n": 21961,
        "precision": 0.568,
        "recall": 0.663
      },
      "0.44": {
        "n": 20015,
        "precision": 0.579,
        "recall": 0.616
      },
      "0.46": {
        "n": 18056,
        "precision": 0.591,
        "recall": 0.567
      },
      "0.48": {
        "n": 16061,
        "precision": 0.605,
        "recall": 0.516
      },
      "0.5": {
        "n": 14122,
        "precision": 0.62,
        "recall": 0.465
      },
      "0.52": {
        "n": 12249,
        "precision": 0.634,
        "recall": 0.413
      },
      "0.54": {
        "n": 10621,
        "precision": 0.653,
        "recall": 0.369
      },
      "0.56": {
        "n": 9175,
        "precision": 0.671,
        "recall": 0.327
      },
      "0.58": {
        "n": 7882,
        "precision": 0.686,
        "recall": 0.288
      },
      "0.6": {
        "n": 6738,
        "precision": 0.701,
        "recall": 0.251
      },
      "0.62": {
        "n": 5828,
        "precision": 0.713,
        "recall": 0.221
      },
      "0.64": {
        "n": 4946,
        "precision": 0.73,
        "recall": 0.192
      },
      "0.66": {
        "n": 4256,
        "precision": 0.745,
        "recall": 0.169
      },
      "0.68": {
        "n": 3730,
        "precision": 0.757,
        "recall": 0.15
      },
      "0.7": {
        "n": 3278,
        "precision": 0.778,
        "recall": 0.136
      },
      "0.72": {
        "n": 2902,
        "precision": 0.798,
        "recall": 0.123
      },
      "0.74": {
        "n": 2584,
        "precision": 0.819,
        "recall": 0.112
      },
      "0.76": {
        "n": 2338,
        "precision": 0.834,
        "recall": 0.104
      },
      "0.78": {
        "n": 2121,
        "precision": 0.846,
        "recall": 0.095
      },
      "0.8": {
        "n": 1927,
        "precision": 0.856,
        "recall": 0.088
      },
      "0.82": {
        "n": 1705,
        "precision": 0.87,
        "recall": 0.079
      },
      "0.84": {
        "n": 1545,
        "precision": 0.883,
        "recall": 0.073
      }
    },
    "test_samples": 39381
  },
  "loss": [
    0.6917,
    0.6827,
    0.6808,
    0.6792,
    0.6773,
    0.6741,
    0.6702,
    0.6672,
    0.6644,
    0.662,
    0.6595,
    0.6575,
    0.6552,
    0.6529,
    0.6501,
    0.6475,
    0.6448,
    0.6423,
    0.6394,
    0.6361,
    0.6334,
    0.6311,
    0.6288,
    0.6258,
    0.6234,
    0.6214,
    0.6188,
    0.6172,
    0.6145,
    0.6129,
    0.6117,
    0.6095,
    0.6086,
    0.606,
    0.6043,
    0.6002,
    0.5984
  ],
  "val_loss": [
    0.6824,
    0.679,
    0.6781,
    0.6742,
    0.6722,
    0.6681,
    0.6641,
    0.6612,
    0.6591,
    0.6592,
    0.656,
    0.6578,
    0.6541,
    0.6523,
    0.6529,
    0.6496,
    0.6464,
    0.6478,
    0.6461,
    0.6442,
    0.6437,
    0.6431,
    0.6436,
    0.6422,
    0.6405,
    0.6428,
    0.6413,
    0.6381,
    0.6409,
    0.6376,
    0.6415,
    0.6399,
    0.644,
    0.6412,
    0.6402,
    0.6407,
    0.6431
  ],
  "t25_accuracy": [
    0.5402,
    0.5542,
    0.5641,
    0.5683,
    0.5722,
    0.5782,
    0.5857,
    0.5914,
    0.5959,
    0.6,
    0.6039,
    0.6058,
    0.6084,
    0.6131,
    0.6148,
    0.6195,
    0.623,
    0.6252,
    0.6292,
    0.6361,
    0.6374,
    0.6417,
    0.6434,
    0.6484,
    0.6497,
    0.6525,
    0.6548,
    0.6569,
    0.6612,
    0.6616,
    0.6646,
    0.6665,
    0.6679,
    0.6712,
    0.6719,
    0.6768,
    0.6789
  ],
  "val_t25_accuracy": [
    0.5575,
    0.5732,
    0.5726,
    0.5799,
    0.5836,
    0.5867,
    0.593,
    0.5906,
    0.6001,
    0.6021,
    0.6092,
    0.5991,
    0.6048,
    0.6053,
    0.6035,
    0.6112,
    0.6155,
    0.6059,
    0.6103,
    0.6155,
    0.6156,
    0.613,
    0.6185,
    0.6158,
    0.625,
    0.6174,
    0.6174,
    0.6225,
    0.6213,
    0.6223,
    0.6224,
    0.6181,
    0.6194,
    0.6235,
    0.6212,
    0.6212,
    0.6206
  ]
}